<?xml version="1.0"?>
<!DOCTYPE board SYSTEM "board.dtd">
<!-- Description for ARMulator (RDI)

     Version: Sourcery CodeBench Lite 2011.09-69
     Support: https://support.codesourcery.com/GNUToolchain/

     Copyright (c) 2007, 2008, 2009, 2010 CodeSourcery, Inc.

     THIS FILE CONTAINS PROPRIETARY, CONFIDENTIAL, AND TRADE SECRET
     INFORMATION OF CODESOURCERY AND/OR ITS LICENSORS.

     You may not use or distribute this file without the express written
     permission of CodeSourcery or its authorized distributor.  This file is
     licensed only for use with Sourcery CodeBench.  No other use is permitted.
     -->
<board>
  <properties>
    <description>
      Board:	ARMulator (RDI)
CPU:	Unspecified
    </description>
  </properties>
  <memory-map>
    <memory-device address="0x0" size="128M" type="ram">
      <description>
	ram
      </description>
    </memory-device>
  </memory-map>
</board>
<!-- checksum: 5ca50c13f4321996d76fd0 -->
