<?xml version="1.0"?>
<!DOCTYPE board SYSTEM "board.dtd">
<!-- Description for Altera Cyclone III Cortex-M1

     Version: Sourcery CodeBench Lite 2011.09-69
     Support: https://support.codesourcery.com/GNUToolchain/

     Copyright (c) 2007, 2008, 2009, 2010 CodeSourcery, Inc.

     THIS FILE CONTAINS PROPRIETARY, CONFIDENTIAL, AND TRADE SECRET
     INFORMATION OF CODESOURCERY AND/OR ITS LICENSORS.

     You may not use or distribute this file without the express written
     permission of CodeSourcery or its authorized distributor.  This file is
     licensed only for use with Sourcery CodeBench.  No other use is permitted.
     -->
<board>
  <properties>
    <description>
      Board:	Altera Cyclone III Cortex-M1
CPU:	cortexm1
    </description>
    <property name="system-v6-m"/>
  </properties>
  <memory-map>
    <memory-device address="0x00000000" size="32K" type="ram">
      <description>
	ITCM
      </description>
    </memory-device>
    <memory-device address="0x20100000" size="1M" type="ram">
      <description>
	SRAM
      </description>
    </memory-device>
    <memory-device address="0x60000000" size="16M" type="flash" device="cfi">
      <description>
	Flash
      </description>
    </memory-device>
  </memory-map>
<debuggerDefaults>
<debugInterface name="mesp">
<option defaultValue="little" name="endian"/>
<option defaultValue="cortex-m1" name="cpuid"/>
</debugInterface>
</debuggerDefaults>
</board>
<!-- checksum: 3878392845e690129b276c4d -->
